<?xml version="1.0" encoding="UTF-8"?>
<root>
<header>
<header>관리번호</header>
<header>공원명</header>
<header>공원구분</header>
<header>소재지도로명주소</header>
<header>소재지지번주소</header>
<header>위도</header>
<header>경도</header>
<header>공원면적</header>
<header>공원보유시설_운동시설_</header>
<header>공원보유시설_유희시설_</header>
<header>공원보유시설_편익시설_</header>
<header>공원보유시설_교양시설_</header>
<header>공원보유시설_기타시설_</header>
<header>지정고시일</header>
<header>관리기관명</header>
<header>전화번호</header>
<header>데이터기준일자</header>
</header>
<Row>
<관리번호>27140-00001</관리번호>
<공원명>신암공원</공원명>
<공원구분>근린공원</공원구분>
<소재지도로명주소/>
<소재지지번주소>대구광역시 동구 신암동 산125-3</소재지지번주소>
<위도>35.890449</위도>
<경도>128.622911</경도>
<공원면적>84851</공원면적>
<공원보유시설_운동시설_/>
<공원보유시설_유희시설_/>
<공원보유시설_편익시설_/>
<공원보유시설_교양시설_/>
<공원보유시설_기타시설_/>
<지정고시일>1965-02-02</지정고시일>
<관리기관명/>
<전화번호/>
<데이터기준일자>2019-03-27</데이터기준일자>
</Row>
<Row>
<관리번호>27140-00002</관리번호>
<공원명>망우당공원</공원명>
<공원구분>근린공원</공원구분>
<소재지도로명주소/>
<소재지지번주소>대구광역시 동구 효목동 산234-35</소재지지번주소>
<위도>35.876898</위도>
<경도>128.657219</경도>
<공원면적>69779</공원면적>
<공원보유시설_운동시설_/>
<공원보유시설_유희시설_/>
<공원보유시설_편익시설_/>
<공원보유시설_교양시설_/>
<공원보유시설_기타시설_/>
<지정고시일>1972-11-16</지정고시일>
<관리기관명/>
<전화번호/>
<데이터기준일자>2019-03-27</데이터기준일자>
</Row>
<Row>
<관리번호>27140-00003</관리번호>
<공원명>효목어린이공원</공원명>
<공원구분>어린이공원</공원구분>
<소재지도로명주소/>
<소재지지번주소>대구광역시 동구 효목2동 409</소재지지번주소>
<위도>35.878133</위도>
<경도>128.635252</경도>
<공원면적>990.4</공원면적>
<공원보유시설_운동시설_/>
<공원보유시설_유희시설_/>
<공원보유시설_편익시설_/>
<공원보유시설_교양시설_/>
<공원보유시설_기타시설_/>
<지정고시일>1973-10-16</지정고시일>
<관리기관명/>
<전화번호/>
<데이터기준일자>2019-03-27</데이터기준일자>
</Row>
<Row>
<관리번호>27140-00004</관리번호>
<공원명>동부제1공원</공원명>
<공원구분>소공원</공원구분>
<소재지도로명주소/>
<소재지지번주소>대구광역시 동구 신암3동 237-3</소재지지번주소>
<위도>35.880709</위도>
<경도>128.622913</경도>
<공원면적>2269</공원면적>
<공원보유시설_운동시설_/>
<공원보유시설_유희시설_/>
<공원보유시설_편익시설_/>
<공원보유시설_교양시설_/>
<공원보유시설_기타시설_/>
<지정고시일>1974-09-02</지정고시일>
<관리기관명/>
<전화번호/>
<데이터기준일자>2019-03-27</데이터기준일자>
</Row>
<Row>
<관리번호>27140-00005</관리번호>
<공원명>덕성어린이공원</공원명>
<공원구분>어린이공원</공원구분>
<소재지도로명주소/>
<소재지지번주소>대구광역시 동구 신암4동 282-2</소재지지번주소>
<위도>35.882429</위도>
<경도>128.627973</경도>
<공원면적>1483.6</공원면적>
<공원보유시설_운동시설_/>
<공원보유시설_유희시설_/>
<공원보유시설_편익시설_/>
<공원보유시설_교양시설_/>
<공원보유시설_기타시설_/>
<지정고시일>1974-09-02</지정고시일>
<관리기관명/>
<전화번호/>
<데이터기준일자>2019-03-27</데이터기준일자>
</Row>
<Row>
<관리번호>27140-00006</관리번호>
<공원명>효동어린이공원</공원명>
<공원구분>어린이공원</공원구분>
<소재지도로명주소/>
<소재지지번주소>대구광역시 동구 효목1동 120-1</소재지지번주소>
<위도>35.884685</위도>
<경도>128.640522</경도>
<공원면적>1486.6</공원면적>
<공원보유시설_운동시설_/>
<공원보유시설_유희시설_/>
<공원보유시설_편익시설_/>
<공원보유시설_교양시설_/>
<공원보유시설_기타시설_/>
<지정고시일>1975-01-09</지정고시일>
<관리기관명/>
<전화번호/>
<데이터기준일자>2019-03-27</데이터기준일자>
</Row>
<Row>
<관리번호>27140-00007</관리번호>
<공원명>신암어린이공원</공원명>
<공원구분>어린이공원</공원구분>
<소재지도로명주소/>
<소재지지번주소>대구광역시 동구 신암1동 669</소재지지번주소>
<위도>35.888460</위도>
<경도>128.619158</경도>
<공원면적>4477</공원면적>
<공원보유시설_운동시설_/>
<공원보유시설_유희시설_/>
<공원보유시설_편익시설_/>
<공원보유시설_교양시설_/>
<공원보유시설_기타시설_/>
<지정고시일>1977-12-30</지정고시일>
<관리기관명/>
<전화번호/>
<데이터기준일자>2019-03-27</데이터기준일자>
</Row>
<Row>
<관리번호>27140-00008</관리번호>
<공원명>불로고분공원</공원명>
<공원구분>근린공원</공원구분>
<소재지도로명주소/>
<소재지지번주소>대구광역시 동구 불로동 산3</소재지지번주소>
<위도>35.914645</위도>
<경도>128.648870</경도>
<공원면적>367411</공원면적>
<공원보유시설_운동시설_/>
<공원보유시설_유희시설_/>
<공원보유시설_편익시설_/>
<공원보유시설_교양시설_/>
<공원보유시설_기타시설_/>
<지정고시일>1978-06-03</지정고시일>
<관리기관명/>
<전화번호/>
<데이터기준일자>2019-03-27</데이터기준일자>
</Row>
<Row>
<관리번호>27140-00009</관리번호>
<공원명>안심공원</공원명>
<공원구분>근린공원</공원구분>
<소재지도로명주소/>
<소재지지번주소>대구광역시 동구 신기동 580</소재지지번주소>
<위도>35.868422</위도>
<경도>128.702732</경도>
<공원면적>11583.6</공원면적>
<공원보유시설_운동시설_/>
<공원보유시설_유희시설_/>
<공원보유시설_편익시설_/>
<공원보유시설_교양시설_/>
<공원보유시설_기타시설_/>
<지정고시일>1984-12-04</지정고시일>
<관리기관명/>
<전화번호/>
<데이터기준일자>2019-03-27</데이터기준일자>
</Row>
<Row>
<관리번호>27140-00010</관리번호>
<공원명>햇님어린이공원</공원명>
<공원구분>어린이공원</공원구분>
<소재지도로명주소/>
<소재지지번주소>대구광역시 동구 율하동 1001</소재지지번주소>
<위도>35.868921</위도>
<경도>128.695715</경도>
<공원면적>1884.8</공원면적>
<공원보유시설_운동시설_/>
<공원보유시설_유희시설_/>
<공원보유시설_편익시설_/>
<공원보유시설_교양시설_/>
<공원보유시설_기타시설_/>
<지정고시일>1984-12-04</지정고시일>
<관리기관명/>
<전화번호/>
<데이터기준일자>2019-03-27</데이터기준일자>
</Row>
<Row>
<관리번호>27140-00011</관리번호>
<공원명>달님어린이공원</공원명>
<공원구분>어린이공원</공원구분>
<소재지도로명주소/>
<소재지지번주소>대구광역시 동구 율하동 929-4</소재지지번주소>
<위도>35.868833</위도>
<경도>128.698818</경도>
<공원면적>1500</공원면적>
<공원보유시설_운동시설_/>
<공원보유시설_유희시설_/>
<공원보유시설_편익시설_/>
<공원보유시설_교양시설_/>
<공원보유시설_기타시설_/>
<지정고시일>1984-12-04</지정고시일>
<관리기관명/>
<전화번호/>
<데이터기준일자>2019-03-27</데이터기준일자>
</Row>
<Row>
<관리번호>27140-00012</관리번호>
<공원명>소공원</공원명>
<공원구분>소공원</공원구분>
<소재지도로명주소/>
<소재지지번주소>대구광역시 동구 신기동 546</소재지지번주소>
<위도>35.870391</위도>
<경도>128.702113</경도>
<공원면적>697.8</공원면적>
<공원보유시설_운동시설_/>
<공원보유시설_유희시설_/>
<공원보유시설_편익시설_/>
<공원보유시설_교양시설_/>
<공원보유시설_기타시설_/>
<지정고시일>2016-02-22</지정고시일>
<관리기관명/>
<전화번호/>
<데이터기준일자>2019-03-27</데이터기준일자>
</Row>
<Row>
<관리번호>27140-00013</관리번호>
<공원명>꽃님어린이공원</공원명>
<공원구분>어린이공원</공원구분>
<소재지도로명주소/>
<소재지지번주소>대구광역시 동구 신기동 557-1</소재지지번주소>
<위도>35.868213</위도>
<경도>128.704338</경도>
<공원면적>1500.9</공원면적>
<공원보유시설_운동시설_/>
<공원보유시설_유희시설_/>
<공원보유시설_편익시설_/>
<공원보유시설_교양시설_/>
<공원보유시설_기타시설_/>
<지정고시일>1984-12-04</지정고시일>
<관리기관명/>
<전화번호/>
<데이터기준일자>2019-03-27</데이터기준일자>
</Row>
<Row>
<관리번호>27140-00014</관리번호>
<공원명>안심어린이공원</공원명>
<공원구분>어린이공원</공원구분>
<소재지도로명주소/>
<소재지지번주소>대구광역시 동구 신기동 560-1</소재지지번주소>
<위도>35.867967</위도>
<경도>128.706505</경도>
<공원면적>1500.3</공원면적>
<공원보유시설_운동시설_/>
<공원보유시설_유희시설_/>
<공원보유시설_편익시설_/>
<공원보유시설_교양시설_/>
<공원보유시설_기타시설_/>
<지정고시일>1984-12-04</지정고시일>
<관리기관명/>
<전화번호/>
<데이터기준일자>2019-03-27</데이터기준일자>
</Row>
<Row>
<관리번호>27140-00015</관리번호>
<공원명>새동네어린이공원</공원명>
<공원구분>어린이공원</공원구분>
<소재지도로명주소/>
<소재지지번주소>대구광역시 동구 불로동 1145</소재지지번주소>
<위도>35.914464</위도>
<경도>128.642569</경도>
<공원면적>1726.6</공원면적>
<공원보유시설_운동시설_/>
<공원보유시설_유희시설_/>
<공원보유시설_편익시설_/>
<공원보유시설_교양시설_/>
<공원보유시설_기타시설_/>
<지정고시일>1987-01-13</지정고시일>
<관리기관명/>
<전화번호/>
<데이터기준일자>2019-03-27</데이터기준일자>
</Row>
<Row>
<관리번호>27140-00016</관리번호>
<공원명>불로어린이공원</공원명>
<공원구분>어린이공원</공원구분>
<소재지도로명주소/>
<소재지지번주소>대구광역시 동구 불로동 1152-4</소재지지번주소>
<위도>35.914119</위도>
<경도>128.640152</경도>
<공원면적>2048.3</공원면적>
<공원보유시설_운동시설_/>
<공원보유시설_유희시설_/>
<공원보유시설_편익시설_/>
<공원보유시설_교양시설_/>
<공원보유시설_기타시설_/>
<지정고시일>1987-01-13</지정고시일>
<관리기관명/>
<전화번호/>
<데이터기준일자>2019-03-27</데이터기준일자>
</Row>
<Row>
<관리번호>27140-00017</관리번호>
<공원명>돈지봉공원</공원명>
<공원구분>근린공원</공원구분>
<소재지도로명주소/>
<소재지지번주소>대구광역시 동구 용계동 산29</소재지지번주소>
<위도>35.879546</위도>
<경도>128.695525</경도>
<공원면적>471630</공원면적>
<공원보유시설_운동시설_/>
<공원보유시설_유희시설_/>
<공원보유시설_편익시설_/>
<공원보유시설_교양시설_/>
<공원보유시설_기타시설_/>
<지정고시일>1987-05-09</지정고시일>
<관리기관명/>
<전화번호/>
<데이터기준일자>2019-03-27</데이터기준일자>
</Row>
<Row>
<관리번호>27140-00018</관리번호>
<공원명>사랑어린이공원</공원명>
<공원구분>어린이공원</공원구분>
<소재지도로명주소/>
<소재지지번주소>대구광역시 동구 율하동 1019</소재지지번주소>
<위도>35.866646</위도>
<경도>128.698598</경도>
<공원면적>1500</공원면적>
<공원보유시설_운동시설_/>
<공원보유시설_유희시설_/>
<공원보유시설_편익시설_/>
<공원보유시설_교양시설_/>
<공원보유시설_기타시설_/>
<지정고시일>1991-11-18</지정고시일>
<관리기관명/>
<전화번호/>
<데이터기준일자>2019-03-27</데이터기준일자>
</Row>
<Row>
<관리번호>27140-00019</관리번호>
<공원명>믿음어린이공원</공원명>
<공원구분>어린이공원</공원구분>
<소재지도로명주소/>
<소재지지번주소>대구광역시 동구 율하동 1022</소재지지번주소>
<위도>35.866384</위도>
<경도>128.701352</경도>
<공원면적>2078.8</공원면적>
<공원보유시설_운동시설_/>
<공원보유시설_유희시설_/>
<공원보유시설_편익시설_/>
<공원보유시설_교양시설_/>
<공원보유시설_기타시설_/>
<지정고시일>1991-11-18</지정고시일>
<관리기관명/>
<전화번호/>
<데이터기준일자>2019-03-27</데이터기준일자>
</Row>
<Row>
<관리번호>27140-00020</관리번호>
<공원명>소망어린이공원</공원명>
<공원구분>어린이공원</공원구분>
<소재지도로명주소/>
<소재지지번주소>대구광역시 동구 신기동 595</소재지지번주소>
<위도>35.866104</위도>
<경도>128.703662</경도>
<공원면적>1750</공원면적>
<공원보유시설_운동시설_/>
<공원보유시설_유희시설_/>
<공원보유시설_편익시설_/>
<공원보유시설_교양시설_/>
<공원보유시설_기타시설_/>
<지정고시일>1991-11-18</지정고시일>
<관리기관명/>
<전화번호/>
<데이터기준일자>2019-03-27</데이터기준일자>
</Row>
<Row>
<관리번호>27140-00021</관리번호>
<공원명>동호공원</공원명>
<공원구분>근린공원</공원구분>
<소재지도로명주소/>
<소재지지번주소>대구광역시 동구 동호동 360</소재지지번주소>
<위도>35.865609</위도>
<경도>128.719077</경도>
<공원면적>11104.5</공원면적>
<공원보유시설_운동시설_/>
<공원보유시설_유희시설_/>
<공원보유시설_편익시설_/>
<공원보유시설_교양시설_/>
<공원보유시설_기타시설_/>
<지정고시일>1999-12-04</지정고시일>
<관리기관명/>
<전화번호/>
<데이터기준일자>2019-03-27</데이터기준일자>
</Row>
<Row>
<관리번호>27140-00022</관리번호>
<공원명>신서공원</공원명>
<공원구분>근린공원</공원구분>
<소재지도로명주소/>
<소재지지번주소>대구광역시 동구 신서동 539</소재지지번주소>
<위도>35.866549</위도>
<경도>128.728161</경도>
<공원면적>10002.8</공원면적>
<공원보유시설_운동시설_/>
<공원보유시설_유희시설_/>
<공원보유시설_편익시설_/>
<공원보유시설_교양시설_/>
<공원보유시설_기타시설_/>
<지정고시일>1999-12-04</지정고시일>
<관리기관명/>
<전화번호/>
<데이터기준일자>2019-03-27</데이터기준일자>
</Row>
<Row>
<관리번호>27140-00023</관리번호>
<공원명>아라어린이공원</공원명>
<공원구분>어린이공원</공원구분>
<소재지도로명주소/>
<소재지지번주소>대구광역시 동구 동호동 388</소재지지번주소>
<위도>35.864785</위도>
<경도>128.724785</경도>
<공원면적>4429.8</공원면적>
<공원보유시설_운동시설_/>
<공원보유시설_유희시설_/>
<공원보유시설_편익시설_/>
<공원보유시설_교양시설_/>
<공원보유시설_기타시설_/>
<지정고시일>1999-12-04</지정고시일>
<관리기관명/>
<전화번호/>
<데이터기준일자>2019-03-27</데이터기준일자>
</Row>
<Row>
<관리번호>27140-00024</관리번호>
<공원명>강동어린이공원</공원명>
<공원구분>어린이공원</공원구분>
<소재지도로명주소/>
<소재지지번주소>대구광역시 동구 신서동 558</소재지지번주소>
<위도>35.867485</위도>
<경도>128.731793</경도>
<공원면적>2275</공원면적>
<공원보유시설_운동시설_/>
<공원보유시설_유희시설_/>
<공원보유시설_편익시설_/>
<공원보유시설_교양시설_/>
<공원보유시설_기타시설_/>
<지정고시일>1999-12-04</지정고시일>
<관리기관명/>
<전화번호/>
<데이터기준일자>2019-03-27</데이터기준일자>
</Row>
<Row>
<관리번호>27140-00025</관리번호>
<공원명>금강어린이공원</공원명>
<공원구분>어린이공원</공원구분>
<소재지도로명주소/>
<소재지지번주소>대구광역시 동구 신서동 567</소재지지번주소>
<위도>35.864406</위도>
<경도>128.729485</경도>
<공원면적>4163.5</공원면적>
<공원보유시설_운동시설_/>
<공원보유시설_유희시설_/>
<공원보유시설_편익시설_/>
<공원보유시설_교양시설_/>
<공원보유시설_기타시설_/>
<지정고시일>1999-12-04</지정고시일>
<관리기관명/>
<전화번호/>
<데이터기준일자>2019-03-27</데이터기준일자>
</Row>
<Row>
<관리번호>27140-00026</관리번호>
<공원명>반계공원</공원명>
<공원구분>근린공원</공원구분>
<소재지도로명주소/>
<소재지지번주소>대구광역시 동구 율하동 1416</소재지지번주소>
<위도>35.862487</위도>
<경도>128.695367</경도>
<공원면적>16287.9</공원면적>
<공원보유시설_운동시설_/>
<공원보유시설_유희시설_/>
<공원보유시설_편익시설_/>
<공원보유시설_교양시설_/>
<공원보유시설_기타시설_/>
<지정고시일>2004-01-05</지정고시일>
<관리기관명/>
<전화번호/>
<데이터기준일자>2019-03-27</데이터기준일자>
</Row>
<Row>
<관리번호>27140-00027</관리번호>
<공원명>샛터공원</공원명>
<공원구분>근린공원</공원구분>
<소재지도로명주소/>
<소재지지번주소>대구광역시 동구 율하동 1460</소재지지번주소>
<위도>35.864520</위도>
<경도>128.703244</경도>
<공원면적>14959.8</공원면적>
<공원보유시설_운동시설_/>
<공원보유시설_유희시설_/>
<공원보유시설_편익시설_/>
<공원보유시설_교양시설_/>
<공원보유시설_기타시설_/>
<지정고시일>2004-01-05</지정고시일>
<관리기관명/>
<전화번호/>
<데이터기준일자>2019-03-27</데이터기준일자>
</Row>
<Row>
<관리번호>27140-00028</관리번호>
<공원명>금낭화어린이공원</공원명>
<공원구분>어린이공원</공원구분>
<소재지도로명주소/>
<소재지지번주소>대구광역시 동구 율하동 1354</소재지지번주소>
<위도>35.861600</위도>
<경도>128.688312</경도>
<공원면적>1672.5</공원면적>
<공원보유시설_운동시설_/>
<공원보유시설_유희시설_/>
<공원보유시설_편익시설_/>
<공원보유시설_교양시설_/>
<공원보유시설_기타시설_/>
<지정고시일>2004-01-05</지정고시일>
<관리기관명/>
<전화번호/>
<데이터기준일자>2019-03-27</데이터기준일자>
</Row>
<Row>
<관리번호>27140-00029</관리번호>
<공원명>앵초어린이공원</공원명>
<공원구분>어린이공원</공원구분>
<소재지도로명주소/>
<소재지지번주소>대구광역시 동구 율하동 1301</소재지지번주소>
<위도>35.863968</위도>
<경도>128.692868</경도>
<공원면적>1950</공원면적>
<공원보유시설_운동시설_/>
<공원보유시설_유희시설_/>
<공원보유시설_편익시설_/>
<공원보유시설_교양시설_/>
<공원보유시설_기타시설_/>
<지정고시일>2004-01-05</지정고시일>
<관리기관명/>
<전화번호/>
<데이터기준일자>2019-03-27</데이터기준일자>
</Row>
<Row>
<관리번호>27140-00030</관리번호>
<공원명>붓꽃어린이공원</공원명>
<공원구분>어린이공원</공원구분>
<소재지도로명주소/>
<소재지지번주소>대구광역시 동구 율하동 1404</소재지지번주소>
<위도>35.862402</위도>
<경도>128.692324</경도>
<공원면적>1501.3</공원면적>
<공원보유시설_운동시설_/>
<공원보유시설_유희시설_/>
<공원보유시설_편익시설_/>
<공원보유시설_교양시설_/>
<공원보유시설_기타시설_/>
<지정고시일>2004-01-05</지정고시일>
<관리기관명/>
<전화번호/>
<데이터기준일자>2019-03-27</데이터기준일자>
</Row>
<Row>
<관리번호>27140-00031</관리번호>
<공원명>산수국어린이공원</공원명>
<공원구분>어린이공원</공원구분>
<소재지도로명주소/>
<소재지지번주소>대구광역시 동구 율하동 1462</소재지지번주소>
<위도>35.865426</위도>
<경도>128.696006</경도>
<공원면적>1500</공원면적>
<공원보유시설_운동시설_/>
<공원보유시설_유희시설_/>
<공원보유시설_편익시설_/>
<공원보유시설_교양시설_/>
<공원보유시설_기타시설_/>
<지정고시일>2004-01-05</지정고시일>
<관리기관명/>
<전화번호/>
<데이터기준일자>2019-03-27</데이터기준일자>
</Row>
<Row>
<관리번호>27140-00032</관리번호>
<공원명>쑥부쟁이어린이공원</공원명>
<공원구분>어린이공원</공원구분>
<소재지도로명주소/>
<소재지지번주소>대구광역시 동구 율하동 1465</소재지지번주소>
<위도>35.864573</위도>
<경도>128.698751</경도>
<공원면적>2374.2</공원면적>
<공원보유시설_운동시설_/>
<공원보유시설_유희시설_/>
<공원보유시설_편익시설_/>
<공원보유시설_교양시설_/>
<공원보유시설_기타시설_/>
<지정고시일>2004-01-05</지정고시일>
<관리기관명/>
<전화번호/>
<데이터기준일자>2019-03-27</데이터기준일자>
</Row>
<Row>
<관리번호>27140-00033</관리번호>
<공원명>원추리어린이공원</공원명>
<공원구분>어린이공원</공원구분>
<소재지도로명주소/>
<소재지지번주소>대구광역시 동구 율하동 1411</소재지지번주소>
<위도>35.861946</위도>
<경도>128.698714</경도>
<공원면적>1601.5</공원면적>
<공원보유시설_운동시설_/>
<공원보유시설_유희시설_/>
<공원보유시설_편익시설_/>
<공원보유시설_교양시설_/>
<공원보유시설_기타시설_/>
<지정고시일>2004-01-05</지정고시일>
<관리기관명/>
<전화번호/>
<데이터기준일자>2019-03-27</데이터기준일자>
</Row>
<Row>
<관리번호>27140-00034</관리번호>
<공원명>비비추어린이공원</공원명>
<공원구분>어린이공원</공원구분>
<소재지도로명주소/>
<소재지지번주소>대구광역시 동구 안심1동 1526</소재지지번주소>
<위도>35.862994</위도>
<경도>128.702961</경도>
<공원면적>1513.7</공원면적>
<공원보유시설_운동시설_/>
<공원보유시설_유희시설_/>
<공원보유시설_편익시설_/>
<공원보유시설_교양시설_/>
<공원보유시설_기타시설_/>
<지정고시일>2004-01-05</지정고시일>
<관리기관명/>
<전화번호/>
<데이터기준일자>2019-03-27</데이터기준일자>
</Row>
<Row>
<관리번호>27140-00035</관리번호>
<공원명>범부채어린이공원</공원명>
<공원구분>어린이공원</공원구분>
<소재지도로명주소/>
<소재지지번주소>대구광역시 동구 안심1동 1622</소재지지번주소>
<위도>35.860458</위도>
<경도>128.702624</경도>
<공원면적>2359</공원면적>
<공원보유시설_운동시설_/>
<공원보유시설_유희시설_/>
<공원보유시설_편익시설_/>
<공원보유시설_교양시설_/>
<공원보유시설_기타시설_/>
<지정고시일>2004-01-05</지정고시일>
<관리기관명/>
<전화번호/>
<데이터기준일자>2019-03-27</데이터기준일자>
</Row>
<Row>
<관리번호>27140-00036</관리번호>
<공원명>율하공원</공원명>
<공원구분>근린공원</공원구분>
<소재지도로명주소/>
<소재지지번주소>대구광역시 동구 율하동 1105</소재지지번주소>
<위도>35.867875</위도>
<경도>128.690636</경도>
<공원면적>16279.4</공원면적>
<공원보유시설_운동시설_/>
<공원보유시설_유희시설_/>
<공원보유시설_편익시설_/>
<공원보유시설_교양시설_/>
<공원보유시설_기타시설_/>
<지정고시일>2005-04-20</지정고시일>
<관리기관명/>
<전화번호/>
<데이터기준일자>2019-03-27</데이터기준일자>
</Row>
<Row>
<관리번호>27140-00037</관리번호>
<공원명>하늘어린이공원</공원명>
<공원구분>어린이공원</공원구분>
<소재지도로명주소/>
<소재지지번주소>대구광역시 동구 율하동 1095</소재지지번주소>
<위도>35.869535</위도>
<경도>128.689208</경도>
<공원면적>2048.8</공원면적>
<공원보유시설_운동시설_/>
<공원보유시설_유희시설_/>
<공원보유시설_편익시설_/>
<공원보유시설_교양시설_/>
<공원보유시설_기타시설_/>
<지정고시일>2005-04-20</지정고시일>
<관리기관명/>
<전화번호/>
<데이터기준일자>2019-03-27</데이터기준일자>
</Row>
<Row>
<관리번호>27140-00038</관리번호>
<공원명>초롱어린이공원</공원명>
<공원구분>어린이공원</공원구분>
<소재지도로명주소/>
<소재지지번주소>대구광역시 동구 율하동 1187</소재지지번주소>
<위도>35.866922</위도>
<경도>128.691487</경도>
<공원면적>1503.9</공원면적>
<공원보유시설_운동시설_/>
<공원보유시설_유희시설_/>
<공원보유시설_편익시설_/>
<공원보유시설_교양시설_/>
<공원보유시설_기타시설_/>
<지정고시일>2005-04-20</지정고시일>
<관리기관명/>
<전화번호/>
<데이터기준일자>2019-03-27</데이터기준일자>
</Row>
<Row>
<관리번호>27140-00039</관리번호>
<공원명>바람꽃어린이공원</공원명>
<공원구분>어린이공원</공원구분>
<소재지도로명주소/>
<소재지지번주소>대구광역시 동구 율하동 1218</소재지지번주소>
<위도>35.866609</위도>
<경도>128.694336</경도>
<공원면적>2064.9</공원면적>
<공원보유시설_운동시설_/>
<공원보유시설_유희시설_/>
<공원보유시설_편익시설_/>
<공원보유시설_교양시설_/>
<공원보유시설_기타시설_/>
<지정고시일>2005-04-20</지정고시일>
<관리기관명/>
<전화번호/>
<데이터기준일자>2019-03-27</데이터기준일자>
</Row>
<Row>
<관리번호>27140-00040</관리번호>
<공원명>대구선동촌공원</공원명>
<공원구분>근린공원</공원구분>
<소재지도로명주소/>
<소재지지번주소>대구광역시 동구 입석동 893-9</소재지지번주소>
<위도>35.890218</위도>
<경도>128.649932</경도>
<공원면적>76218</공원면적>
<공원보유시설_운동시설_/>
<공원보유시설_유희시설_/>
<공원보유시설_편익시설_/>
<공원보유시설_교양시설_/>
<공원보유시설_기타시설_/>
<지정고시일>2006-03-10</지정고시일>
<관리기관명/>
<전화번호/>
<데이터기준일자>2019-03-27</데이터기준일자>
</Row>
<Row>
<관리번호>27140-00041</관리번호>
<공원명>대구선반야월공원</공원명>
<공원구분>근린공원</공원구분>
<소재지도로명주소/>
<소재지지번주소>대구광역시 동구 신서동 818-1</소재지지번주소>
<위도>35.872357</위도>
<경도>128.724799</경도>
<공원면적>33381</공원면적>
<공원보유시설_운동시설_/>
<공원보유시설_유희시설_/>
<공원보유시설_편익시설_/>
<공원보유시설_교양시설_/>
<공원보유시설_기타시설_/>
<지정고시일>2006-03-10</지정고시일>
<관리기관명/>
<전화번호/>
<데이터기준일자>2019-03-27</데이터기준일자>
</Row>
<Row>
<관리번호>27140-00042</관리번호>
<공원명>신천공원</공원명>
<공원구분>어린이공원</공원구분>
<소재지도로명주소/>
<소재지지번주소>대구광역시 동구 신천동 557-1 일원</소재지지번주소>
<위도>35.876406</위도>
<경도>128.612256</경도>
<공원면적>1500</공원면적>
<공원보유시설_운동시설_/>
<공원보유시설_유희시설_/>
<공원보유시설_편익시설_/>
<공원보유시설_교양시설_/>
<공원보유시설_기타시설_/>
<지정고시일>2006-09-20</지정고시일>
<관리기관명/>
<전화번호/>
<데이터기준일자>2019-03-27</데이터기준일자>
</Row>
<Row>
<관리번호>27140-00043</관리번호>
<공원명>대구선아양공원</공원명>
<공원구분>근린공원</공원구분>
<소재지도로명주소/>
<소재지지번주소>대구광역시 동구 효목동 963</소재지지번주소>
<위도>35.884103</위도>
<경도>128.635443</경도>
<공원면적>22540</공원면적>
<공원보유시설_운동시설_/>
<공원보유시설_유희시설_/>
<공원보유시설_편익시설_/>
<공원보유시설_교양시설_/>
<공원보유시설_기타시설_/>
<지정고시일>2007-08-20</지정고시일>
<관리기관명/>
<전화번호/>
<데이터기준일자>2019-03-27</데이터기준일자>
</Row>
<Row>
<관리번호>27140-00044</관리번호>
<공원명>송호지공원</공원명>
<공원구분>근린공원</공원구분>
<소재지도로명주소/>
<소재지지번주소>대구광역시 동구 상매동 502일원</소재지지번주소>
<위도>35.905619</위도>
<경도>128.710397</경도>
<공원면적>46961.2</공원면적>
<공원보유시설_운동시설_/>
<공원보유시설_유희시설_/>
<공원보유시설_편익시설_/>
<공원보유시설_교양시설_/>
<공원보유시설_기타시설_/>
<지정고시일>2007-09-05</지정고시일>
<관리기관명/>
<전화번호/>
<데이터기준일자>2019-03-27</데이터기준일자>
</Row>
<Row>
<관리번호>27140-00045</관리번호>
<공원명>각산비나리공원</공원명>
<공원구분>근린공원</공원구분>
<소재지도로명주소/>
<소재지지번주소>대구광역시 동구 각산동 1064일원</소재지지번주소>
<위도>35.885859</위도>
<경도>128.717274</경도>
<공원면적>22995.2</공원면적>
<공원보유시설_운동시설_/>
<공원보유시설_유희시설_/>
<공원보유시설_편익시설_/>
<공원보유시설_교양시설_/>
<공원보유시설_기타시설_/>
<지정고시일>2007-09-05</지정고시일>
<관리기관명/>
<전화번호/>
<데이터기준일자>2019-03-27</데이터기준일자>
</Row>
<Row>
<관리번호>27140-00046</관리번호>
<공원명>새론공원</공원명>
<공원구분>근린공원</공원구분>
<소재지도로명주소/>
<소재지지번주소>대구광역시 동구 각산동 1060일원</소재지지번주소>
<위도>35.885859</위도>
<경도>128.717274</경도>
<공원면적>14869.3</공원면적>
<공원보유시설_운동시설_/>
<공원보유시설_유희시설_/>
<공원보유시설_편익시설_/>
<공원보유시설_교양시설_/>
<공원보유시설_기타시설_/>
<지정고시일>2007-09-05</지정고시일>
<관리기관명/>
<전화번호/>
<데이터기준일자>2019-03-27</데이터기준일자>
</Row>
<Row>
<관리번호>27140-00047</관리번호>
<공원명>수리물길공원</공원명>
<공원구분>근린공원</공원구분>
<소재지도로명주소/>
<소재지지번주소>대구광역시 동구 각산동 산1127일원</소재지지번주소>
<위도>35.885859</위도>
<경도>128.717274</경도>
<공원면적>37398.3</공원면적>
<공원보유시설_운동시설_/>
<공원보유시설_유희시설_/>
<공원보유시설_편익시설_/>
<공원보유시설_교양시설_/>
<공원보유시설_기타시설_/>
<지정고시일>2007-09-05</지정고시일>
<관리기관명/>
<전화번호/>
<데이터기준일자>2019-03-27</데이터기준일자>
</Row>
<Row>
<관리번호>27140-00048</관리번호>
<공원명>신서중앙공원</공원명>
<공원구분>근린공원</공원구분>
<소재지도로명주소/>
<소재지지번주소>대구광역시 동구 신서동 316일원</소재지지번주소>
<위도>35.880274</위도>
<경도>128.732930</경도>
<공원면적>67116</공원면적>
<공원보유시설_운동시설_/>
<공원보유시설_유희시설_/>
<공원보유시설_편익시설_/>
<공원보유시설_교양시설_/>
<공원보유시설_기타시설_/>
<지정고시일>2007-09-05</지정고시일>
<관리기관명/>
<전화번호/>
<데이터기준일자>2019-03-27</데이터기준일자>
</Row>
<Row>
<관리번호>27140-00049</관리번호>
<공원명>새골공원</공원명>
<공원구분>근린공원</공원구분>
<소재지도로명주소/>
<소재지지번주소>대구광역시 동구 신서동 1183일원</소재지지번주소>
<위도>35.885569</위도>
<경도>128.730742</경도>
<공원면적>36683.4</공원면적>
<공원보유시설_운동시설_/>
<공원보유시설_유희시설_/>
<공원보유시설_편익시설_/>
<공원보유시설_교양시설_/>
<공원보유시설_기타시설_/>
<지정고시일>2007-09-05</지정고시일>
<관리기관명/>
<전화번호/>
<데이터기준일자>2019-03-27</데이터기준일자>
</Row>
<Row>
<관리번호>27140-00050</관리번호>
<공원명>동호유적공원</공원명>
<공원구분>근린공원</공원구분>
<소재지도로명주소/>
<소재지지번주소>대구광역시 동구 동내동 191일원</소재지지번주소>
<위도>35.882371</위도>
<경도>128.740350</경도>
<공원면적>39489.3</공원면적>
<공원보유시설_운동시설_/>
<공원보유시설_유희시설_/>
<공원보유시설_편익시설_/>
<공원보유시설_교양시설_/>
<공원보유시설_기타시설_/>
<지정고시일>2007-09-05</지정고시일>
<관리기관명/>
<전화번호/>
<데이터기준일자>2019-03-27</데이터기준일자>
</Row>
<Row>
<관리번호>27140-00051</관리번호>
<공원명>동내여울공원</공원명>
<공원구분>근린공원</공원구분>
<소재지도로명주소/>
<소재지지번주소>대구광역시 동구 동내동 1115-4일원</소재지지번주소>
<위도>35.890853</위도>
<경도>128.740873</경도>
<공원면적>11199.6</공원면적>
<공원보유시설_운동시설_/>
<공원보유시설_유희시설_/>
<공원보유시설_편익시설_/>
<공원보유시설_교양시설_/>
<공원보유시설_기타시설_/>
<지정고시일>2007-09-05</지정고시일>
<관리기관명/>
<전화번호/>
<데이터기준일자>2019-03-27</데이터기준일자>
</Row>
<Row>
<관리번호>27140-00052</관리번호>
<공원명>동내향수공원</공원명>
<공원구분>근린공원</공원구분>
<소재지도로명주소/>
<소재지지번주소>대구광역시 동구 동내동 288일원</소재지지번주소>
<위도>35.876810</위도>
<경도>128.737425</경도>
<공원면적>47324.1</공원면적>
<공원보유시설_운동시설_/>
<공원보유시설_유희시설_/>
<공원보유시설_편익시설_/>
<공원보유시설_교양시설_/>
<공원보유시설_기타시설_/>
<지정고시일>2007-09-05</지정고시일>
<관리기관명/>
<전화번호/>
<데이터기준일자>2019-03-27</데이터기준일자>
</Row>
<Row>
<관리번호>27140-00053</관리번호>
<공원명>사복노을공원</공원명>
<공원구분>근린공원</공원구분>
<소재지도로명주소/>
<소재지지번주소>대구광역시 동구 사복동 12일원</소재지지번주소>
<위도>35.877156</위도>
<경도>128.750538</경도>
<공원면적>42258.3</공원면적>
<공원보유시설_운동시설_/>
<공원보유시설_유희시설_/>
<공원보유시설_편익시설_/>
<공원보유시설_교양시설_/>
<공원보유시설_기타시설_/>
<지정고시일>2007-09-05</지정고시일>
<관리기관명/>
<전화번호/>
<데이터기준일자>2019-03-27</데이터기준일자>
</Row>
<Row>
<관리번호>27140-00054</관리번호>
<공원명>숙천꿈마루공원</공원명>
<공원구분>근린공원</공원구분>
<소재지도로명주소/>
<소재지지번주소>대구광역시 동구 숙천동 391일원</소재지지번주소>
<위도>35.885347</위도>
<경도>128.749431</경도>
<공원면적>22725.1</공원면적>
<공원보유시설_운동시설_/>
<공원보유시설_유희시설_/>
<공원보유시설_편익시설_/>
<공원보유시설_교양시설_/>
<공원보유시설_기타시설_/>
<지정고시일>2007-09-05</지정고시일>
<관리기관명/>
<전화번호/>
<데이터기준일자>2019-03-27</데이터기준일자>
</Row>
<Row>
<관리번호>27140-00055</관리번호>
<공원명>다람쥐어린이공원</공원명>
<공원구분>어린이공원</공원구분>
<소재지도로명주소/>
<소재지지번주소>대구광역시 동구 각산동 1029-1 일원</소재지지번주소>
<위도>35.885859</위도>
<경도>128.717274</경도>
<공원면적>1959.9</공원면적>
<공원보유시설_운동시설_/>
<공원보유시설_유희시설_/>
<공원보유시설_편익시설_/>
<공원보유시설_교양시설_/>
<공원보유시설_기타시설_/>
<지정고시일>2007-09-05</지정고시일>
<관리기관명/>
<전화번호/>
<데이터기준일자>2019-03-27</데이터기준일자>
</Row>
<Row>
<관리번호>27140-00056</관리번호>
<공원명>돌고래어린이공원</공원명>
<공원구분>어린이공원</공원구분>
<소재지도로명주소/>
<소재지지번주소>대구광역시 동구 각산동 1043-1 일원</소재지지번주소>
<위도>35.888361</위도>
<경도>128.716713</경도>
<공원면적>1980.4</공원면적>
<공원보유시설_운동시설_/>
<공원보유시설_유희시설_/>
<공원보유시설_편익시설_/>
<공원보유시설_교양시설_/>
<공원보유시설_기타시설_/>
<지정고시일>2007-09-05</지정고시일>
<관리기관명/>
<전화번호/>
<데이터기준일자>2019-03-27</데이터기준일자>
</Row>
<Row>
<관리번호>27140-00057</관리번호>
<공원명>너구리어린이공원</공원명>
<공원구분>어린이공원</공원구분>
<소재지도로명주소/>
<소재지지번주소>대구광역시 동구 각산동 1054-1 일원</소재지지번주소>
<위도>35.886126</위도>
<경도>128.719794</경도>
<공원면적>1542.6</공원면적>
<공원보유시설_운동시설_/>
<공원보유시설_유희시설_/>
<공원보유시설_편익시설_/>
<공원보유시설_교양시설_/>
<공원보유시설_기타시설_/>
<지정고시일>2007-09-05</지정고시일>
<관리기관명/>
<전화번호/>
<데이터기준일자>2019-03-27</데이터기준일자>
</Row>
<Row>
<관리번호>27140-00058</관리번호>
<공원명>펭귄어린이공원</공원명>
<공원구분>어린이공원</공원구분>
<소재지도로명주소/>
<소재지지번주소>대구광역시 동구 각산동 1062-1 일원</소재지지번주소>
<위도>35.880404</위도>
<경도>128.715555</경도>
<공원면적>1606</공원면적>
<공원보유시설_운동시설_/>
<공원보유시설_유희시설_/>
<공원보유시설_편익시설_/>
<공원보유시설_교양시설_/>
<공원보유시설_기타시설_/>
<지정고시일>2007-09-05</지정고시일>
<관리기관명/>
<전화번호/>
<데이터기준일자>2019-03-27</데이터기준일자>
</Row>
<Row>
<관리번호>27140-00059</관리번호>
<공원명>고라니어린이공원</공원명>
<공원구분>어린이공원</공원구분>
<소재지도로명주소/>
<소재지지번주소>대구광역시 동구 각산동 1070-4 일원</소재지지번주소>
<위도>35.879896</위도>
<경도>128.717477</경도>
<공원면적>1609.7</공원면적>
<공원보유시설_운동시설_/>
<공원보유시설_유희시설_/>
<공원보유시설_편익시설_/>
<공원보유시설_교양시설_/>
<공원보유시설_기타시설_/>
<지정고시일>2007-09-05</지정고시일>
<관리기관명/>
<전화번호/>
<데이터기준일자>2019-03-27</데이터기준일자>
</Row>
<Row>
<관리번호>27140-00060</관리번호>
<공원명>거북이어린이공원</공원명>
<공원구분>어린이공원</공원구분>
<소재지도로명주소/>
<소재지지번주소>대구광역시 동구 각산동 1096-2 일원</소재지지번주소>
<위도>35.877261</위도>
<경도>128.721007</경도>
<공원면적>1817.5</공원면적>
<공원보유시설_운동시설_/>
<공원보유시설_유희시설_/>
<공원보유시설_편익시설_/>
<공원보유시설_교양시설_/>
<공원보유시설_기타시설_/>
<지정고시일>2007-09-05</지정고시일>
<관리기관명/>
<전화번호/>
<데이터기준일자>2019-03-27</데이터기준일자>
</Row>
<Row>
<관리번호>27140-00061</관리번호>
<공원명>수달어린이공원</공원명>
<공원구분>어린이공원</공원구분>
<소재지도로명주소/>
<소재지지번주소>대구광역시 동구 숙천동 387 일원</소재지지번주소>
<위도>35.879911</위도>
<경도>128.752910</경도>
<공원면적>1566</공원면적>
<공원보유시설_운동시설_/>
<공원보유시설_유희시설_/>
<공원보유시설_편익시설_/>
<공원보유시설_교양시설_/>
<공원보유시설_기타시설_/>
<지정고시일>2007-09-05</지정고시일>
<관리기관명/>
<전화번호/>
<데이터기준일자>2019-03-27</데이터기준일자>
</Row>
<Row>
<관리번호>27140-00062</관리번호>
<공원명>꽃사슴어린이공원</공원명>
<공원구분>어린이공원</공원구분>
<소재지도로명주소/>
<소재지지번주소>대구광역시 동구 숙천동 380-5 일원</소재지지번주소>
<위도>35.883404</위도>
<경도>128.752327</경도>
<공원면적>1830.6</공원면적>
<공원보유시설_운동시설_/>
<공원보유시설_유희시설_/>
<공원보유시설_편익시설_/>
<공원보유시설_교양시설_/>
<공원보유시설_기타시설_/>
<지정고시일>2007-09-05</지정고시일>
<관리기관명/>
<전화번호/>
<데이터기준일자>2019-03-27</데이터기준일자>
</Row>
<Row>
<관리번호>27140-00063</관리번호>
<공원명>동자02공원</공원명>
<공원구분>소공원</공원구분>
<소재지도로명주소/>
<소재지지번주소>대구광역시 동구 신암5동 134-11 일원</소재지지번주소>
<위도>35.889834</위도>
<경도>128.629633</경도>
<공원면적>1200</공원면적>
<공원보유시설_운동시설_/>
<공원보유시설_유희시설_/>
<공원보유시설_편익시설_/>
<공원보유시설_교양시설_/>
<공원보유시설_기타시설_/>
<지정고시일>2008-03-20</지정고시일>
<관리기관명/>
<전화번호/>
<데이터기준일자>2019-03-27</데이터기준일자>
</Row>
<Row>
<관리번호>27140-00064</관리번호>
<공원명>선진신암어린이공원</공원명>
<공원구분>어린이공원</공원구분>
<소재지도로명주소/>
<소재지지번주소>대구광역시 동구 신암3동 187-1</소재지지번주소>
<위도>35.878360</위도>
<경도>128.617609</경도>
<공원면적>2048</공원면적>
<공원보유시설_운동시설_/>
<공원보유시설_유희시설_/>
<공원보유시설_편익시설_/>
<공원보유시설_교양시설_/>
<공원보유시설_기타시설_/>
<지정고시일>2008-03-31</지정고시일>
<관리기관명/>
<전화번호/>
<데이터기준일자>2019-03-27</데이터기준일자>
</Row>
<Row>
<관리번호>27140-00065</관리번호>
<공원명>연경1공원</공원명>
<공원구분>문화공원</공원구분>
<소재지도로명주소/>
<소재지지번주소>대구광역시 동구 지묘동 617일원</소재지지번주소>
<위도>35.962390</위도>
<경도>128.631719</경도>
<공원면적>26431</공원면적>
<공원보유시설_운동시설_/>
<공원보유시설_유희시설_/>
<공원보유시설_편익시설_/>
<공원보유시설_교양시설_/>
<공원보유시설_기타시설_/>
<지정고시일>2017-12-07</지정고시일>
<관리기관명/>
<전화번호/>
<데이터기준일자>2019-03-27</데이터기준일자>
</Row>
<Row>
<관리번호>27140-00066</관리번호>
<공원명>연경어린이공원</공원명>
<공원구분>어린이공원</공원구분>
<소재지도로명주소/>
<소재지지번주소>대구광역시 동구 지묘동 905</소재지지번주소>
<위도>35.941340</위도>
<경도>128.630832</경도>
<공원면적>1596</공원면적>
<공원보유시설_운동시설_/>
<공원보유시설_유희시설_/>
<공원보유시설_편익시설_/>
<공원보유시설_교양시설_/>
<공원보유시설_기타시설_/>
<지정고시일>2008-06-30</지정고시일>
<관리기관명/>
<전화번호/>
<데이터기준일자>2019-03-27</데이터기준일자>
</Row>
<Row>
<관리번호>27140-00067</관리번호>
<공원명>동부연합어린이공원</공원명>
<공원구분>어린이공원</공원구분>
<소재지도로명주소/>
<소재지지번주소>대구광역시 동구 신천4동 436-5</소재지지번주소>
<위도>35.874493</위도>
<경도>128.632081</경도>
<공원면적>1786</공원면적>
<공원보유시설_운동시설_/>
<공원보유시설_유희시설_/>
<공원보유시설_편익시설_/>
<공원보유시설_교양시설_/>
<공원보유시설_기타시설_/>
<지정고시일>2008-12-10</지정고시일>
<관리기관명/>
<전화번호/>
<데이터기준일자>2019-03-27</데이터기준일자>
</Row>
<Row>
<관리번호>27140-00068</관리번호>
<공원명>동부연합공원</공원명>
<공원구분>소공원</공원구분>
<소재지도로명주소/>
<소재지지번주소>대구광역시 동구 신천4동 372-6일원</소재지지번주소>
<위도>35.873107</위도>
<경도>128.629095</경도>
<공원면적>1981</공원면적>
<공원보유시설_운동시설_/>
<공원보유시설_유희시설_/>
<공원보유시설_편익시설_/>
<공원보유시설_교양시설_/>
<공원보유시설_기타시설_/>
<지정고시일>2008-12-10</지정고시일>
<관리기관명/>
<전화번호/>
<데이터기준일자>2019-03-27</데이터기준일자>
</Row>
<Row>
<관리번호>27140-00069</관리번호>
<공원명>율하체육공원</공원명>
<공원구분>체육공원</공원구분>
<소재지도로명주소/>
<소재지지번주소>대구광역시 동구 율하동 1626</소재지지번주소>
<위도>35.859755</위도>
<경도>128.694461</경도>
<공원면적>187515.1</공원면적>
<공원보유시설_운동시설_/>
<공원보유시설_유희시설_/>
<공원보유시설_편익시설_/>
<공원보유시설_교양시설_/>
<공원보유시설_기타시설_/>
<지정고시일>2008-12-31</지정고시일>
<관리기관명/>
<전화번호/>
<데이터기준일자>2019-03-27</데이터기준일자>
</Row>
<Row>
<관리번호>27140-00070</관리번호>
<공원명>나무늘보어린이공원</공원명>
<공원구분>어린이공원</공원구분>
<소재지도로명주소/>
<소재지지번주소>대구광역시 동구 사복동 842-4 일원</소재지지번주소>
<위도>35.875781</위도>
<경도>128.750235</경도>
<공원면적>1759.5</공원면적>
<공원보유시설_운동시설_/>
<공원보유시설_유희시설_/>
<공원보유시설_편익시설_/>
<공원보유시설_교양시설_/>
<공원보유시설_기타시설_/>
<지정고시일>2007-09-05</지정고시일>
<관리기관명/>
<전화번호/>
<데이터기준일자>2019-03-27</데이터기준일자>
</Row>
<Row>
<관리번호>27140-00071</관리번호>
<공원명>담비어린이공원</공원명>
<공원구분>어린이공원</공원구분>
<소재지도로명주소/>
<소재지지번주소>대구광역시 동구 사복동 852-1 일원</소재지지번주소>
<위도>35.874340</위도>
<경도>128.751754</경도>
<공원면적>1998.4</공원면적>
<공원보유시설_운동시설_/>
<공원보유시설_유희시설_/>
<공원보유시설_편익시설_/>
<공원보유시설_교양시설_/>
<공원보유시설_기타시설_/>
<지정고시일>2007-09-05</지정고시일>
<관리기관명/>
<전화번호/>
<데이터기준일자>2019-03-27</데이터기준일자>
</Row>
<Row>
<관리번호>27140-00072</관리번호>
<공원명>송정1공원</공원명>
<공원구분>소공원</공원구분>
<소재지도로명주소/>
<소재지지번주소>대구광역시 동구 송정동 305-2일원</소재지지번주소>
<위도>35.988036</위도>
<경도>128.623035</경도>
<공원면적>2160</공원면적>
<공원보유시설_운동시설_/>
<공원보유시설_유희시설_/>
<공원보유시설_편익시설_/>
<공원보유시설_교양시설_/>
<공원보유시설_기타시설_/>
<지정고시일>2010-03-02</지정고시일>
<관리기관명/>
<전화번호/>
<데이터기준일자>2019-03-27</데이터기준일자>
</Row>
<Row>
<관리번호>27140-00073</관리번호>
<공원명>백안1공원</공원명>
<공원구분>소공원</공원구분>
<소재지도로명주소/>
<소재지지번주소>대구광역시 동구 백안동 456일원</소재지지번주소>
<위도>35.956706</위도>
<경도>128.693300</경도>
<공원면적>555</공원면적>
<공원보유시설_운동시설_/>
<공원보유시설_유희시설_/>
<공원보유시설_편익시설_/>
<공원보유시설_교양시설_/>
<공원보유시설_기타시설_/>
<지정고시일>2010-03-02</지정고시일>
<관리기관명/>
<전화번호/>
<데이터기준일자>2019-03-27</데이터기준일자>
</Row>
<Row>
<관리번호>27140-00074</관리번호>
<공원명>백안2공원</공원명>
<공원구분>소공원</공원구분>
<소재지도로명주소/>
<소재지지번주소>대구광역시 동구 백안동 467-13일원</소재지지번주소>
<위도>35.956029</위도>
<경도>128.691567</경도>
<공원면적>427</공원면적>
<공원보유시설_운동시설_/>
<공원보유시설_유희시설_/>
<공원보유시설_편익시설_/>
<공원보유시설_교양시설_/>
<공원보유시설_기타시설_/>
<지정고시일>2010-03-02</지정고시일>
<관리기관명/>
<전화번호/>
<데이터기준일자>2019-03-27</데이터기준일자>
</Row>
<Row>
<관리번호>27140-00075</관리번호>
<공원명>백안3공원</공원명>
<공원구분>소공원</공원구분>
<소재지도로명주소/>
<소재지지번주소>대구광역시 동구 백안동 223-1일원</소재지지번주소>
<위도>35.955139</위도>
<경도>128.694667</경도>
<공원면적>579</공원면적>
<공원보유시설_운동시설_/>
<공원보유시설_유희시설_/>
<공원보유시설_편익시설_/>
<공원보유시설_교양시설_/>
<공원보유시설_기타시설_/>
<지정고시일>2010-03-02</지정고시일>
<관리기관명/>
<전화번호/>
<데이터기준일자>2019-03-27</데이터기준일자>
</Row>
<Row>
<관리번호>27140-00076</관리번호>
<공원명>백안4공원</공원명>
<공원구분>소공원</공원구분>
<소재지도로명주소/>
<소재지지번주소>대구광역시 동구 백안동 183-2일원</소재지지번주소>
<위도>35.953772</위도>
<경도>128.692813</경도>
<공원면적>4150</공원면적>
<공원보유시설_운동시설_/>
<공원보유시설_유희시설_/>
<공원보유시설_편익시설_/>
<공원보유시설_교양시설_/>
<공원보유시설_기타시설_/>
<지정고시일>2010-03-02</지정고시일>
<관리기관명/>
<전화번호/>
<데이터기준일자>2019-03-27</데이터기준일자>
</Row>
<Row>
<관리번호>27140-00077</관리번호>
<공원명>용계어린이공원</공원명>
<공원구분>어린이공원</공원구분>
<소재지도로명주소/>
<소재지지번주소>대구광역시 동구 용계동 603-2</소재지지번주소>
<위도>35.871764</위도>
<경도>128.684681</경도>
<공원면적>2805</공원면적>
<공원보유시설_운동시설_/>
<공원보유시설_유희시설_/>
<공원보유시설_편익시설_/>
<공원보유시설_교양시설_/>
<공원보유시설_기타시설_/>
<지정고시일>2010-05-10</지정고시일>
<관리기관명/>
<전화번호/>
<데이터기준일자>2019-03-27</데이터기준일자>
</Row>
<Row>
<관리번호>27140-00078</관리번호>
<공원명>용계공원</공원명>
<공원구분>문화공원</공원구분>
<소재지도로명주소/>
<소재지지번주소>대구광역시 동구 용계동 796-12일원</소재지지번주소>
<위도>35.870207</위도>
<경도>128.683184</경도>
<공원면적>6175</공원면적>
<공원보유시설_운동시설_/>
<공원보유시설_유희시설_/>
<공원보유시설_편익시설_/>
<공원보유시설_교양시설_/>
<공원보유시설_기타시설_/>
<지정고시일>2010-05-10</지정고시일>
<관리기관명/>
<전화번호/>
<데이터기준일자>2019-03-27</데이터기준일자>
</Row>
<Row>
<관리번호>27140-00079</관리번호>
<공원명>신암1가로공원</공원명>
<공원구분>소공원</공원구분>
<소재지도로명주소/>
<소재지지번주소>대구광역시 동구 신암동 1792-16일원</소재지지번주소>
<위도>35.888084</위도>
<경도>128.626655</경도>
<공원면적>4601</공원면적>
<공원보유시설_운동시설_/>
<공원보유시설_유희시설_/>
<공원보유시설_편익시설_/>
<공원보유시설_교양시설_/>
<공원보유시설_기타시설_/>
<지정고시일>2010-05-20</지정고시일>
<관리기관명/>
<전화번호/>
<데이터기준일자>2019-03-27</데이터기준일자>
</Row>
<Row>
<관리번호>27140-00080</관리번호>
<공원명>신암2가로공원</공원명>
<공원구분>소공원</공원구분>
<소재지도로명주소/>
<소재지지번주소>대구광역시 동구 신암동 1767-2일원</소재지지번주소>
<위도>35.889037</위도>
<경도>128.627820</경도>
<공원면적>2328</공원면적>
<공원보유시설_운동시설_/>
<공원보유시설_유희시설_/>
<공원보유시설_편익시설_/>
<공원보유시설_교양시설_/>
<공원보유시설_기타시설_/>
<지정고시일>2010-05-20</지정고시일>
<관리기관명/>
<전화번호/>
<데이터기준일자>2019-03-27</데이터기준일자>
</Row>
<Row>
<관리번호>27140-00081</관리번호>
<공원명>기상대기념공원</공원명>
<공원구분>문화공원</공원구분>
<소재지도로명주소/>
<소재지지번주소>대구광역시 동구 신암동 716-1일원</소재지지번주소>
<위도>35.885190</위도>
<경도>128.618796</경도>
<공원면적>15950</공원면적>
<공원보유시설_운동시설_/>
<공원보유시설_유희시설_/>
<공원보유시설_편익시설_/>
<공원보유시설_교양시설_/>
<공원보유시설_기타시설_/>
<지정고시일>2010-05-20</지정고시일>
<관리기관명/>
<전화번호/>
<데이터기준일자>2019-03-27</데이터기준일자>
</Row>
<Row>
<관리번호>27140-00082</관리번호>
<공원명>위남공원</공원명>
<공원구분>근린공원</공원구분>
<소재지도로명주소/>
<소재지지번주소>대구광역시 동구 봉무동 1525</소재지지번주소>
<위도>35.926354</위도>
<경도>128.638154</경도>
<공원면적>10800.9</공원면적>
<공원보유시설_운동시설_/>
<공원보유시설_유희시설_/>
<공원보유시설_편익시설_/>
<공원보유시설_교양시설_/>
<공원보유시설_기타시설_/>
<지정고시일>2007-09-20</지정고시일>
<관리기관명/>
<전화번호/>
<데이터기준일자>2019-03-27</데이터기준일자>
</Row>
<Row>
<관리번호>27140-00083</관리번호>
<공원명>단산유적공원</공원명>
<공원구분>근린공원</공원구분>
<소재지도로명주소/>
<소재지지번주소>대구광역시 동구 봉무동 1567</소재지지번주소>
<위도>35.917476</위도>
<경도>128.640520</경도>
<공원면적>10694.7</공원면적>
<공원보유시설_운동시설_/>
<공원보유시설_유희시설_/>
<공원보유시설_편익시설_/>
<공원보유시설_교양시설_/>
<공원보유시설_기타시설_/>
<지정고시일>2007-09-20</지정고시일>
<관리기관명/>
<전화번호/>
<데이터기준일자>2019-03-27</데이터기준일자>
</Row>
<Row>
<관리번호>27140-00084</관리번호>
<공원명>푸른공원</공원명>
<공원구분>소공원</공원구분>
<소재지도로명주소/>
<소재지지번주소>대구광역시 동구 봉무동 1540</소재지지번주소>
<위도>35.921798</위도>
<경도>128.639896</경도>
<공원면적>3715.4</공원면적>
<공원보유시설_운동시설_/>
<공원보유시설_유희시설_/>
<공원보유시설_편익시설_/>
<공원보유시설_교양시설_/>
<공원보유시설_기타시설_/>
<지정고시일>2001-10-30</지정고시일>
<관리기관명/>
<전화번호/>
<데이터기준일자>2019-03-27</데이터기준일자>
</Row>
<Row>
<관리번호>27140-00085</관리번호>
<공원명>초록공원</공원명>
<공원구분>소공원</공원구분>
<소재지도로명주소/>
<소재지지번주소>대구광역시 동구 봉무동 1538</소재지지번주소>
<위도>35.921710</위도>
<경도>128.643026</경도>
<공원면적>3413.5</공원면적>
<공원보유시설_운동시설_/>
<공원보유시설_유희시설_/>
<공원보유시설_편익시설_/>
<공원보유시설_교양시설_/>
<공원보유시설_기타시설_/>
<지정고시일>2001-10-30</지정고시일>
<관리기관명/>
<전화번호/>
<데이터기준일자>2019-03-27</데이터기준일자>
</Row>
<Row>
<관리번호>27140-00086</관리번호>
<공원명>분홍공원</공원명>
<공원구분>소공원</공원구분>
<소재지도로명주소/>
<소재지지번주소>대구광역시 동구 봉무동 1536</소재지지번주소>
<위도>35.921718</위도>
<경도>128.644939</경도>
<공원면적>4129</공원면적>
<공원보유시설_운동시설_/>
<공원보유시설_유희시설_/>
<공원보유시설_편익시설_/>
<공원보유시설_교양시설_/>
<공원보유시설_기타시설_/>
<지정고시일>2001-10-30</지정고시일>
<관리기관명/>
<전화번호/>
<데이터기준일자>2019-03-27</데이터기준일자>
</Row>
<Row>
<관리번호>27140-00087</관리번호>
<공원명>노랑공원</공원명>
<공원구분>소공원</공원구분>
<소재지도로명주소/>
<소재지지번주소>대구광역시 동구 봉무동 1517</소재지지번주소>
<위도>35.927434</위도>
<경도>128.637345</경도>
<공원면적>3234.2</공원면적>
<공원보유시설_운동시설_/>
<공원보유시설_유희시설_/>
<공원보유시설_편익시설_/>
<공원보유시설_교양시설_/>
<공원보유시설_기타시설_/>
<지정고시일>2001-10-30</지정고시일>
<관리기관명/>
<전화번호/>
<데이터기준일자>2019-03-27</데이터기준일자>
</Row>
<Row>
<관리번호>27140-00088</관리번호>
<공원명>큰고개어린이공원(신암공원)</공원명>
<공원구분>어린이공원</공원구분>
<소재지도로명주소/>
<소재지지번주소>대구광역시 동구 신암동 252-17</소재지지번주소>
<위도>35.883852</위도>
<경도>128.627215</경도>
<공원면적>3315</공원면적>
<공원보유시설_운동시설_/>
<공원보유시설_유희시설_/>
<공원보유시설_편익시설_/>
<공원보유시설_교양시설_/>
<공원보유시설_기타시설_/>
<지정고시일>2010-12-20</지정고시일>
<관리기관명/>
<전화번호/>
<데이터기준일자>2019-03-27</데이터기준일자>
</Row>
<Row>
<관리번호>27140-00089</관리번호>
<공원명>봉무수변공원</공원명>
<공원구분>수변공원</공원구분>
<소재지도로명주소/>
<소재지지번주소>대구광역시 동구 봉무동 436일원</소재지지번주소>
<위도>35.924662</위도>
<경도>128.649770</경도>
<공원면적>239000</공원면적>
<공원보유시설_운동시설_/>
<공원보유시설_유희시설_/>
<공원보유시설_편익시설_/>
<공원보유시설_교양시설_/>
<공원보유시설_기타시설_/>
<지정고시일>2011-10-20</지정고시일>
<관리기관명/>
<전화번호/>
<데이터기준일자>2019-03-27</데이터기준일자>
</Row>
<Row>
<관리번호>27140-00090</관리번호>
<공원명>연경3공원</공원명>
<공원구분>근린공원</공원구분>
<소재지도로명주소/>
<소재지지번주소>대구광역시 동구 지묘동 1014일원</소재지지번주소>
<위도>35.945459</위도>
<경도>128.627762</경도>
<공원면적>19623</공원면적>
<공원보유시설_운동시설_/>
<공원보유시설_유희시설_/>
<공원보유시설_편익시설_/>
<공원보유시설_교양시설_/>
<공원보유시설_기타시설_/>
<지정고시일>2011-12-09</지정고시일>
<관리기관명/>
<전화번호/>
<데이터기준일자>2019-03-27</데이터기준일자>
</Row>
<Row>
<관리번호>27140-00091</관리번호>
<공원명>반달곰어린이공원</공원명>
<공원구분>어린이공원</공원구분>
<소재지도로명주소/>
<소재지지번주소>대구광역시 동구 신서동 1156-5 일원</소재지지번주소>
<위도>35.876939</위도>
<경도>128.727238</경도>
<공원면적>3450.6</공원면적>
<공원보유시설_운동시설_/>
<공원보유시설_유희시설_/>
<공원보유시설_편익시설_/>
<공원보유시설_교양시설_/>
<공원보유시설_기타시설_/>
<지정고시일>2011-12-30</지정고시일>
<관리기관명/>
<전화번호/>
<데이터기준일자>2019-03-27</데이터기준일자>
</Row>
<Row>
<관리번호>27140-00092</관리번호>
<공원명>신암1소공원</공원명>
<공원구분>소공원</공원구분>
<소재지도로명주소/>
<소재지지번주소>대구광역시 동구 신암동 666-10</소재지지번주소>
<위도>35.888399</위도>
<경도>128.616988</경도>
<공원면적>1250</공원면적>
<공원보유시설_운동시설_/>
<공원보유시설_유희시설_/>
<공원보유시설_편익시설_/>
<공원보유시설_교양시설_/>
<공원보유시설_기타시설_/>
<지정고시일>2016-01-11</지정고시일>
<관리기관명/>
<전화번호/>
<데이터기준일자>2019-03-27</데이터기준일자>
</Row>
<Row>
<관리번호>27140-00093</관리번호>
<공원명>신암2소공원</공원명>
<공원구분>소공원</공원구분>
<소재지도로명주소/>
<소재지지번주소>대구광역시 동구 신암동 678-1</소재지지번주소>
<위도>35.890669</위도>
<경도>128.625304</경도>
<공원면적>4457</공원면적>
<공원보유시설_운동시설_/>
<공원보유시설_유희시설_/>
<공원보유시설_편익시설_/>
<공원보유시설_교양시설_/>
<공원보유시설_기타시설_/>
<지정고시일>2016-01-11</지정고시일>
<관리기관명/>
<전화번호/>
<데이터기준일자>2019-03-27</데이터기준일자>
</Row>
<Row>
<관리번호>27140-00094</관리번호>
<공원명>신암3소공원</공원명>
<공원구분>소공원</공원구분>
<소재지도로명주소/>
<소재지지번주소>대구광역시 동구 신암동 662</소재지지번주소>
<위도>35.889663</위도>
<경도>128.623100</경도>
<공원면적>1383</공원면적>
<공원보유시설_운동시설_/>
<공원보유시설_유희시설_/>
<공원보유시설_편익시설_/>
<공원보유시설_교양시설_/>
<공원보유시설_기타시설_/>
<지정고시일>2016-01-11</지정고시일>
<관리기관명/>
<전화번호/>
<데이터기준일자>2019-03-27</데이터기준일자>
</Row>
<Row>
<관리번호>27140-00095</관리번호>
<공원명>신암4소공원</공원명>
<공원구분>소공원</공원구분>
<소재지도로명주소/>
<소재지지번주소>대구광역시 동구 신암동 669</소재지지번주소>
<위도>35.888587</위도>
<경도>128.619116</경도>
<공원면적>1365</공원면적>
<공원보유시설_운동시설_/>
<공원보유시설_유희시설_/>
<공원보유시설_편익시설_/>
<공원보유시설_교양시설_/>
<공원보유시설_기타시설_/>
<지정고시일>2016-01-11</지정고시일>
<관리기관명/>
<전화번호/>
<데이터기준일자>2019-03-27</데이터기준일자>
</Row>
<Row>
<관리번호>27140-00096</관리번호>
<공원명>각산1공원</공원명>
<공원구분>소공원</공원구분>
<소재지도로명주소/>
<소재지지번주소>대구광역시 동구 각산동 393</소재지지번주소>
<위도>35.874491</위도>
<경도>128.715533</경도>
<공원면적>449</공원면적>
<공원보유시설_운동시설_/>
<공원보유시설_유희시설_/>
<공원보유시설_편익시설_/>
<공원보유시설_교양시설_/>
<공원보유시설_기타시설_/>
<지정고시일>2015-07-30</지정고시일>
<관리기관명/>
<전화번호/>
<데이터기준일자>2019-03-27</데이터기준일자>
</Row>
<Row>
<관리번호>27140-00097</관리번호>
<공원명>근린공원</공원명>
<공원구분>근린공원</공원구분>
<소재지도로명주소/>
<소재지지번주소>대구광역시 동구 율암동 408 일원</소재지지번주소>
<위도>35.874548</위도>
<경도>128.700079</경도>
<공원면적>12441</공원면적>
<공원보유시설_운동시설_/>
<공원보유시설_유희시설_/>
<공원보유시설_편익시설_/>
<공원보유시설_교양시설_/>
<공원보유시설_기타시설_/>
<지정고시일>2017-08-21</지정고시일>
<관리기관명/>
<전화번호/>
<데이터기준일자>2019-03-27</데이터기준일자>
</Row>
<Row>
<관리번호>27140-00098</관리번호>
<공원명>소공원</공원명>
<공원구분>소공원</공원구분>
<소재지도로명주소/>
<소재지지번주소>대구광역시 동구 율하동 33-2 일원</소재지지번주소>
<위도>35.873676</위도>
<경도>128.697400</경도>
<공원면적>1638</공원면적>
<공원보유시설_운동시설_/>
<공원보유시설_유희시설_/>
<공원보유시설_편익시설_/>
<공원보유시설_교양시설_/>
<공원보유시설_기타시설_/>
<지정고시일>2017-08-21</지정고시일>
<관리기관명/>
<전화번호/>
<데이터기준일자>2019-03-27</데이터기준일자>
</Row>
<Row>
<관리번호>27140-00099</관리번호>
<공원명>공원(율하첨단)</공원명>
<공원구분>문화공원</공원구분>
<소재지도로명주소/>
<소재지지번주소>대구광역시 동구 율하동 849-49</소재지지번주소>
<위도>35.862860</위도>
<경도>128.682618</경도>
<공원면적>4043</공원면적>
<공원보유시설_운동시설_/>
<공원보유시설_유희시설_/>
<공원보유시설_편익시설_/>
<공원보유시설_교양시설_/>
<공원보유시설_기타시설_/>
<지정고시일>2017-12-29</지정고시일>
<관리기관명/>
<전화번호/>
<데이터기준일자>2019-03-27</데이터기준일자>
</Row>
<Row>
<관리번호>27140-00100</관리번호>
<공원명>어린이공원</공원명>
<공원구분>어린이공원</공원구분>
<소재지도로명주소/>
<소재지지번주소>대구광역시 동구 신천동 353-7</소재지지번주소>
<위도>35.869108</위도>
<경도>128.630522</경도>
<공원면적>1700</공원면적>
<공원보유시설_운동시설_/>
<공원보유시설_유희시설_/>
<공원보유시설_편익시설_/>
<공원보유시설_교양시설_/>
<공원보유시설_기타시설_/>
<지정고시일>2016-10-20</지정고시일>
<관리기관명/>
<전화번호/>
<데이터기준일자>2019-03-27</데이터기준일자>
</Row>
<Row>
<관리번호>27140-00101</관리번호>
<공원명>어린이공원</공원명>
<공원구분>어린이공원</공원구분>
<소재지도로명주소/>
<소재지지번주소>대구광역시 동구 각산동 868-4 일원</소재지지번주소>
<위도>35.874048</위도>
<경도>128.709548</경도>
<공원면적>7964</공원면적>
<공원보유시설_운동시설_/>
<공원보유시설_유희시설_/>
<공원보유시설_편익시설_/>
<공원보유시설_교양시설_/>
<공원보유시설_기타시설_/>
<지정고시일>2017-08-21</지정고시일>
<관리기관명/>
<전화번호/>
<데이터기준일자>2019-03-27</데이터기준일자>
</Row>
</root>
