<?xml version="1.0" encoding="UTF-8"?>
<root>
<header>
<header>관리번호</header>
<header>공원명</header>
<header>공원구분</header>
<header>소재지도로명주소</header>
<header>소재지지번주소</header>
<header>위도</header>
<header>경도</header>
<header>공원면적</header>
<header>공원보유시설_운동시설_</header>
<header>공원보유시설_유희시설_</header>
<header>공원보유시설_편익시설_</header>
<header>공원보유시설_교양시설_</header>
<header>공원보유시설_기타시설_</header>
<header>지정고시일</header>
<header>관리기관명</header>
<header>전화번호</header>
<header>데이터기준일자</header>
</header>
<Row>
<관리번호>27110-00001</관리번호>
<공원명>달성공원</공원명>
<공원구분>근린공원</공원구분>
<소재지도로명주소>대구광역시 중구 달성공원로 35(달성동)</소재지도로명주소>
<소재지지번주소>대구광역시 중구 달성동 294-1</소재지지번주소>
<위도>35.8733988367</위도>
<경도>128.5759201177</경도>
<공원면적>129700</공원면적>
<공원보유시설_운동시설_>테니스장</공원보유시설_운동시설_>
<공원보유시설_유희시설_/>
<공원보유시설_편익시설_>주차장, 매점, 화장실</공원보유시설_편익시설_>
<공원보유시설_교양시설_>이상화 시비</공원보유시설_교양시설_>
<공원보유시설_기타시설_>향토역사관</공원보유시설_기타시설_>
<지정고시일>1965-02-02</지정고시일>
<관리기관명>대구광역시 달성공원관리사무소</관리기관명>
<전화번호>053-803-7630</전화번호>
<데이터기준일자>2019-09-20</데이터기준일자>
</Row>
<Row>
<관리번호>27110-00002</관리번호>
<공원명>경상감영공원</공원명>
<공원구분>근린공원</공원구분>
<소재지도로명주소>대구광역시 중구 경상감영길 99(포정동)</소재지도로명주소>
<소재지지번주소>대구광역시 중구 포정동 21</소재지지번주소>
<위도>35.8726754822</위도>
<경도>128.5916853623</경도>
<공원면적>16500</공원면적>
<공원보유시설_운동시설_/>
<공원보유시설_유희시설_/>
<공원보유시설_편익시설_>주차장, 화장실</공원보유시설_편익시설_>
<공원보유시설_교양시설_/>
<공원보유시설_기타시설_>통일종각, 선화당</공원보유시설_기타시설_>
<지정고시일>1965-02-02</지정고시일>
<관리기관명>대구광역시청(대구시설공단)</관리기관명>
<전화번호>053-254-9410</전화번호>
<데이터기준일자>2019-09-20</데이터기준일자>
</Row>
<Row>
<관리번호>27110-00004</관리번호>
<공원명>국채보상운동기념공원</공원명>
<공원구분>근린공원</공원구분>
<소재지도로명주소>대구광역시 중구 국채보상로 670(동인동2가)</소재지도로명주소>
<소재지지번주소>대구광역시 중구 동인동2가 42</소재지지번주소>
<위도>35.8683340411</위도>
<경도>128.6034535606</경도>
<공원면적>42509</공원면적>
<공원보유시설_운동시설_/>
<공원보유시설_유희시설_/>
<공원보유시설_편익시설_>주차장, 화장실</공원보유시설_편익시설_>
<공원보유시설_교양시설_>도서관</공원보유시설_교양시설_>
<공원보유시설_기타시설_>국채보상운동기념관</공원보유시설_기타시설_>
<지정고시일>1982-10-11</지정고시일>
<관리기관명>대구광역시청(대구시설공단)</관리기관명>
<전화번호>053-254-9410</전화번호>
<데이터기준일자>2019-09-20</데이터기준일자>
</Row>
<Row>
<관리번호>27110-00005</관리번호>
<공원명>2.28기념 중앙공원</공원명>
<공원구분>근린공원</공원구분>
<소재지도로명주소>대구광역시 중구 동성로2길 80(공평동)</소재지도로명주소>
<소재지지번주소>대구광역시 중구 공평동 15</소재지지번주소>
<위도>35.8692142039</위도>
<경도>128.5971827869</경도>
<공원면적>14353</공원면적>
<공원보유시설_운동시설_/>
<공원보유시설_유희시설_/>
<공원보유시설_편익시설_>주차장, 화장실</공원보유시설_편익시설_>
<공원보유시설_교양시설_/>
<공원보유시설_기타시설_/>
<지정고시일>1999-04-20</지정고시일>
<관리기관명>대구광역시청(대구시설공단)</관리기관명>
<전화번호>053-254-9410</전화번호>
<데이터기준일자>2019-09-20</데이터기준일자>
</Row>
<Row>
<관리번호>27200-00029</관리번호>
<공원명>앞산공원</공원명>
<공원구분>근린공원</공원구분>
<소재지도로명주소>대구광역시 남구 앞산순환로 574-87</소재지도로명주소>
<소재지지번주소>대구광역시 남구 대명동 산227-5</소재지지번주소>
<위도>35.8289725070</위도>
<경도>128.5890370409</경도>
<공원면적>3584261</공원면적>
<공원보유시설_운동시설_>테니스장, 골프장, 승마장</공원보유시설_운동시설_>
<공원보유시설_유희시설_/>
<공원보유시설_편익시설_>주차장, 매점</공원보유시설_편익시설_>
<공원보유시설_교양시설_>도서관</공원보유시설_교양시설_>
<공원보유시설_기타시설_>낙동강 승전기념관, 케이블카</공원보유시설_기타시설_>
<지정고시일>1965-02-02</지정고시일>
<관리기관명>대구광역시 앞산공원관리사무소</관리기관명>
<전화번호>053-803-7430</전화번호>
<데이터기준일자>2019-09-20</데이터기준일자>
</Row>
<Row>
<관리번호>27290-00179</관리번호>
<공원명>두류공원</공원명>
<공원구분>근린공원</공원구분>
<소재지도로명주소>대구광역시 달서구 야외음악당로 194</소재지도로명주소>
<소재지지번주소>대구광역시 달서구 두류동 597</소재지지번주소>
<위도>35.8524881</위도>
<경도>128.5571933426</경도>
<공원면적>1653965</공원면적>
<공원보유시설_운동시설_>테니스장, 야구장, 두류수영장</공원보유시설_운동시설_>
<공원보유시설_유희시설_/>
<공원보유시설_편익시설_>주차장, 식당 휴게소</공원보유시설_편익시설_>
<공원보유시설_교양시설_>도서관, 대구문화예술회관</공원보유시설_교양시설_>
<공원보유시설_기타시설_>인물동산 내 기념비</공원보유시설_기타시설_>
<지정고시일>1965-02-02</지정고시일>
<관리기관명>대구광역시 두류공원관리사무소</관리기관명>
<전화번호>053-803-7480</전화번호>
<데이터기준일자>2019-09-20</데이터기준일자>
</Row>
<Row>
<관리번호>27140-00069</관리번호>
<공원명>율하체육공원</공원명>
<공원구분>체육공원</공원구분>
<소재지도로명주소/>
<소재지지번주소>대구광역시 동구 율하동 1626</소재지지번주소>
<위도>35.8600479235</위도>
<경도>128.6937763146</경도>
<공원면적>187515</공원면적>
<공원보유시설_운동시설_/>
<공원보유시설_유희시설_/>
<공원보유시설_편익시설_/>
<공원보유시설_교양시설_/>
<공원보유시설_기타시설_/>
<지정고시일>2003-12-24</지정고시일>
<관리기관명>대구광역시 동구청</관리기관명>
<전화번호>053-662-2860</전화번호>
<데이터기준일자>2019-09-20</데이터기준일자>
</Row>
<Row>
<관리번호>27260-00037</관리번호>
<공원명>대구체육공원</공원명>
<공원구분>체육공원</공원구분>
<소재지도로명주소>대구광역시 수성구 월드컵로 2-46</소재지도로명주소>
<소재지지번주소>대구광역시 수성구 대흥동 산35</소재지지번주소>
<위도>35.8244055818</위도>
<경도>128.6845610728</경도>
<공원면적>1977483</공원면적>
<공원보유시설_운동시설_>대구스타디움, 육상진흥센터</공원보유시설_운동시설_>
<공원보유시설_유희시설_/>
<공원보유시설_편익시설_>주차장, 매점</공원보유시설_편익시설_>
<공원보유시설_교양시설_/>
<공원보유시설_기타시설_>스포츠기념관</공원보유시설_기타시설_>
<지정고시일>1996-05-22</지정고시일>
<관리기관명>대구광역시 수성구청</관리기관명>
<전화번호>053-666-2850</전화번호>
<데이터기준일자>2019-09-20</데이터기준일자>
</Row>
<Row>
<관리번호>27290-00175</관리번호>
<공원명>대곡2체육공원1</공원명>
<공원구분>체육공원</공원구분>
<소재지도로명주소/>
<소재지지번주소>대구광역시 달서구 도원동 1473</소재지지번주소>
<위도>35.823098</위도>
<경도>128.537527</경도>
<공원면적>36061</공원면적>
<공원보유시설_운동시설_/>
<공원보유시설_유희시설_/>
<공원보유시설_편익시설_/>
<공원보유시설_교양시설_/>
<공원보유시설_기타시설_/>
<지정고시일>2009-12-04</지정고시일>
<관리기관명>대구광역시 달서구청</관리기관명>
<전화번호>053-667-2850</전화번호>
<데이터기준일자>2019-09-20</데이터기준일자>
</Row>
<Row>
<관리번호>27710-00058</관리번호>
<공원명>명곡체육공원</공원명>
<공원구분>체육공원</공원구분>
<소재지도로명주소>대구광역시 달성군 인흥1길 12</소재지도로명주소>
<소재지지번주소>대구광역시 달성군 화원읍 명곡리 55</소재지지번주소>
<위도>35.7974689654</위도>
<경도>128.5038782</경도>
<공원면적>492000</공원면적>
<공원보유시설_운동시설_>인라인롤러 경기장</공원보유시설_운동시설_>
<공원보유시설_유희시설_/>
<공원보유시설_편익시설_/>
<공원보유시설_교양시설_/>
<공원보유시설_기타시설_/>
<지정고시일>2008-04-10</지정고시일>
<관리기관명>대구광역시 달성군청</관리기관명>
<전화번호>053-668-2850</전화번호>
<데이터기준일자>2019-09-20</데이터기준일자>
</Row>
<Row>
<관리번호>27710-00059</관리번호>
<공원명>국가산단체육1공원</공원명>
<공원구분>체육공원</공원구분>
<소재지도로명주소/>
<소재지지번주소>대구광역시 달성군 구지면 내리 산106</소재지지번주소>
<위도>35.6332465014</위도>
<경도>128.4103076371</경도>
<공원면적>28268</공원면적>
<공원보유시설_운동시설_/>
<공원보유시설_유희시설_/>
<공원보유시설_편익시설_/>
<공원보유시설_교양시설_/>
<공원보유시설_기타시설_/>
<지정고시일>2009-09-30</지정고시일>
<관리기관명>대구광역시 달성군청</관리기관명>
<전화번호>053-668-2850</전화번호>
<데이터기준일자>2019-09-20</데이터기준일자>
</Row>
<Row>
<관리번호>27710-00060</관리번호>
<공원명>국가산단체육2공원</공원명>
<공원구분>체육공원</공원구분>
<소재지도로명주소/>
<소재지지번주소>대구광역시 달성군 구지면 대암리 산54</소재지지번주소>
<위도>35.6253876</위도>
<경도>128.4062376</경도>
<공원면적>28743</공원면적>
<공원보유시설_운동시설_/>
<공원보유시설_유희시설_/>
<공원보유시설_편익시설_/>
<공원보유시설_교양시설_/>
<공원보유시설_기타시설_/>
<지정고시일>2009-09-30</지정고시일>
<관리기관명>대구광역시 달성군청</관리기관명>
<전화번호>053-668-2850</전화번호>
<데이터기준일자>2019-09-20</데이터기준일자>
</Row>
<Row>
<관리번호>27710-00061</관리번호>
<공원명>서재체육공원</공원명>
<공원구분>체육공원</공원구분>
<소재지도로명주소/>
<소재지지번주소>대구광역시 달성군 다사읍 방천리 491-28</소재지지번주소>
<위도>35.8842519</위도>
<경도>128.503869</경도>
<공원면적>31204</공원면적>
<공원보유시설_운동시설_/>
<공원보유시설_유희시설_/>
<공원보유시설_편익시설_/>
<공원보유시설_교양시설_/>
<공원보유시설_기타시설_/>
<지정고시일>2012-02-10</지정고시일>
<관리기관명>대구광역시 달성군청</관리기관명>
<전화번호>053-668-2850</전화번호>
<데이터기준일자>2019-09-20</데이터기준일자>
</Row>
<Row>
<관리번호>27230-00087</관리번호>
<공원명>연경체육공원</공원명>
<공원구분>체육공원</공원구분>
<소재지도로명주소/>
<소재지지번주소>대구광역시 북구 연경동 820</소재지지번주소>
<위도>35.943972</위도>
<경도>128.625649</경도>
<공원면적>7279</공원면적>
<공원보유시설_운동시설_/>
<공원보유시설_유희시설_/>
<공원보유시설_편익시설_/>
<공원보유시설_교양시설_/>
<공원보유시설_기타시설_/>
<지정고시일>2018-11-23</지정고시일>
<관리기관명>대구광역시 북구청</관리기관명>
<전화번호>053-665-2864</전화번호>
<데이터기준일자>2019-09-20</데이터기준일자>
</Row>
</root>
